Channel Name,Channel ID,Social ID
VanossGaming,UCKqH_9mk1waLgBiL2vT5b9g,channel
PrestonYT,UC70Dib4MvFfT1tU6MqeyHpQ,channel
likenastyaae,UC3I1iohrGzxep0p8r1Osw3w,channel
IanLucasOficial,UCmzDf_a7CCFuxos7hspcWRQ,channel
goldmineshindi,UCs570zdFq_NNA5OcV8chnHw,channel
VaniaManiaKids,UCLbyJSPEe2lx3jY-G0CFR3g,channel
dianaromaen,UCl_P0sCqxOdQpMwuajdXkRg,channel
MayaAndMary,UC50vBAtklUoJF1Wx5q0pmuw,channel
Venus_Movies,UCpcsv3Ow-8IhoUGDEfPetsQ,channel
UltraMovieParlour,UCYauDsl-rswjQGpA0_-Z9Pw,channel
rug,UCilwZiBBfI9X6yiZRzWty8Q,channel
WatchMojo,UCaWd5_7JhbQBe4dknZhsHJg,channel
PeppaPigEspanolLatinoOficial,UCrreHSUa5rnuCVDeO8dX4eA,channel
BenAzelart,UCwVg9btOceLQuNCdoQk9CXg,channel
ChloeTing,UCCgLoMYIyP0U56dEhEL1wXQ,channel
netdmuzik,UCR5wZcXtOUka8jTA57flzMg,channel
souravjoshivlogs7028,UCjvgGbPPn-FgYeguc5nxG4A,channel
Kidibli,UCVEDZVtA5NUtjxSXHjtvkag,channel
RAFAELUIZOFICIAL,UC6paX0kLA8D81aYogceMufw,channel
vladandnikispain,UCZLl7vfqlRjVL4YBHGmLVvQ,channel
LIVCrime,UCzXpAx4v6rFLYXkJZ5nmSvQ,channel
1theK,UCweOkPb1wVVH0Q0Tlj4a5Pw,channel
issei0806,UC6QZ_ss3i_8qLV_RczPZBkw,channel
bobbyprankster,UC5apxzE3aEOpvP0XkeuW8mw,channel
toyorbabytv,UCHAbNxkU837UAkZ-OPtdUUw,channel
EnriqueIglesias,UC-6czyMkxDi8E8akPl0c7_w,channel
AmitBhadana,UC_vcKmg67vjMP7ciLnSxSHQ,channel
misskaty1133,UCcartHVtvAUzfajflyeT_Gg,channel
CelineDept,UC1a2ZCw7tugRZYRMnecNj3A,channel
vladandnikidn,UCgG9IWOPcCIfQoI00xQBUbg,channel
DJSnake,UC_x8HoD18XJkILQBreVENUQ,channel
MrMaxLife,UC_8PAD0Qmi6_gpe77S1Atgg,channel
GoldminesCineplex,UCCrw5RBWF9i8VPt4IxL8IsQ,channel
MaviGadgets,UCJfNJmcv6LXCDsaa2kB_-7A,channel
DannyFitt,UC_82tbyeBHSaDbL725LMlvw,channel
AnayaKandhal,UC4wEPe5mrHGAUjjTfXH_C-Q,channel
SMOL_official,UCBBZ7No0AzEJ3qiatjSa-mg,channel
BabyBusES,UCy_rxpSt8DMagOUFA9Q-t1A,channel
WaveMusicBhojpuri,UCYLlkv4hivYJlOk6Lo-RHNQ,channel
vladandnikiarab2,UCP9MW9ATjUwwulqEYTbp-Mw,channel
TED,UCAuUUnT6oDeKwE6v1NGQxug,channel
DUDUeCAROL,UC371icpvZj2oQaocL0i9L-g,channel
VillageCookingChannel,UCk3JZr7eS3pg5AGEvBdEvFg,channel
JamesCharles,UCucot-Zp428OwkyRm2I7v2Q,channel
ValentinaPontesofc,UC0ebPa2q1rwZVN7dYemunUQ,channel
GMMGrammy,UCG9gfnA5UDoLvz-tC9B-HKw,channel
TroomTroom,UCWwqHwqLSrdWMgp5DZG5Dzg,channel
Ninja,UCAW-NpUFkMyCNrvRSSGIvDQ,channel
NickyJamTV,UCpb_iJuhFe8V6rQdbNqfAlQ,channel
SesameStreet,UCoookXUzPciGrEZEXmh4Jjg,channel
